{
  "$schema": "http://json-schema.org/draft-07/schema",
  "$id": "http://ns.c2pa.org/actions/v1",
  "type": "object",
  "description": "Assertion that provides information on edits and other actions taken that affect the asset’s content.",
  "examples": [
    {
      "actions": [
        {
          "action": "c2pa.filtered",
          "when": "2020-02-11T09:00:00Z",
          "softwareAgent": "Joe's Photo Editor 2020 for Windows",
          "actor": [
            {
              "credentials": [
                {
                  "url": "self#jumbf=c2pa/urn:uuid:F9168C5E-CEB2-4faa-B6BF-329BF39FA1E4/c2pa.credentials/Joe_Bloggs",
                  "alg": "sha256",
                  "hash": "hoOspQQ1lFTy/4Tp8Epx670E5QW5NwkNR+2b30KFXug="
                }
              ]
            }
          ]
        }
      ]
    }
  ],
  "definitions": {
    "ACTOR": {
      "type": "object",
      "properties": {
        "credentials": {
          "type": "array",
          "description": "An array of hashed uris to W3C Verifiable Credentials",
          "minItems": 1,
          "items": {
            "oneOf": [
              {
                "$ref": "http://ns.c2pa.org/hashed-uri/v1"
              },
              {
                "$ref": "http://ns.c2pa.org/hashed-ext-uri/v1"
              }
            ],
            "description": "hashed-uri reference to a W3C Verifiable Credential (VC) associated with the person or organization who entered the assertion content."
          }
        },
        "identifier": {
          "type": "string",
          "description": "An identifier for a human actor",
          "minLength": 1
        }
      },
      "additionalProperties": false
    },
    "ACTION": {
      "type": "object",
      "properties": {
        "action": {
          "type": "string",
          "description": "The action that occurred.",
          "enum": [
            "c2pa.color_adjustments",
            "c2pa.converted",
            "c2pa.copied",
            "c2pa.created",
            "c2pa.cropped",
            "c2pa.drawing",
            "c2pa.edited",
            "c2pa.filtered",
            "c2pa.formatted",
            "c2pa.managed",
            "c2pa.opened",
            "c2pa.orientation",
            "c2pa.placed",
            "c2pa.printed",
            "c2pa.produced",
            "c2pa.published",
            "c2pa.removed",
            "c2pa.repackaged",
            "c2pa.resized",
            "c2pa.saved",
            "c2pa.transcoded",
            "c2pa.unknown",
            "c2pa.version_updated"
          ]
        },
        "when": {
          "type": "string",
          "format": "date-time",
          "description": "ISO 8601 timestamp of when the action occurred."
        },
        "softwareAgent": {
          "type": "string",
          "minLength": 1,
          "description": "The software agent that performed the action."
        },
        "changed": {
          "type": "string",
          "minLength": 1,
          "description": "A semicolon-delimited list of the parts of the resource that were changed since the previous event history. If not present, presumed to be undefined. When tracking changes and the scope of the changed components is unknown, it should be assumed that anything might have changed."
        },
        "instanceID": {
          "type": "string",
          "minLength": 1,
          "format": "uuid",
          "description": "The value of the xmpMM:InstanceID property for the modified (output) resource"
        },
        "parameters": {
          "type": "object",
          "description": "Additional parameters of the action. These will often vary by the type of action",
          "properties": {
            "ingredient": {
              "$ref": "http://ns.c2pa.org/hashed-uri/v1",
              "description": "A hashed-uri to the ingredient assertion that this action acts on"
            },
            "description": {
              "type": "string",
              "description": "Additional description of the action"
            }
          },
          "additionalProperties": true
        },
        "actors": {
          "type": "array",
          "description": "An array of the actors that undertook this action.",
          "minItems": 1,
          "items": {
            "type": "string",
            "minLength": 1,
            "$ref": "#/definitions/ACTOR",
            "description": "list of actors"
          }
        }
      },
      "required": ["action"],
      "additionalProperties": false
    }
  },
  "properties": {
    "actions": {
      "type": "array",
      "minItems": 1,
      "items": {
        "$ref": "#/definitions/ACTION",
        "description": "list of actions"
      }
    },
    "metadata": {
      "$ref": "http://ns.c2pa.org/assertion-metadata/v1",
      "description": "additional information about the assertion"
    }
  },
  "required": ["actions"]
}
