{
    "$schema": "http://json-schema.org/draft-07/schema",
    "$id": "http://ns.c2pa.org/claim/v1",
    "type": "object",
    "description": "JSON schema for a claim object in C2PA",
    "examples": [
        {
            "dc:title": "image 1.jpg",
            "dc:format": "image/jpeg",
            "instanceID" : "uuid:7b57930e-2f23-47fc-affe-0400d70b738d",
            "claim_generator": "Joe's_Photo_Editor/2.0 (Windows 10)",
            "claim_generator_info" : [
              {
                "name": "Joe's Photo Editor",
                "version": "2.0",
                "schema.org.SoftwareApplication.operatingSystem": "Windows 10"
              }
            ],
            "signature" : "self#jumbf=c2pa/urn:uuid:F9168C5E-CEB2-4faa-B6BF-329BF39FA1E4/c2pa.signature",
            "alg" : "sha256",
            "assertions" : [
                {
                  "url": "self#jumbf=c2pa/urn:uuid:F9168C5E-CEB2-4faa-B6BF-329BF39FA1E4/c2pa.assertions/c2pa.hash.data",
                  "hash": "Auxjtmax46cC2N3Y9aFmBO9Jfay8LEwJWzBUtZ0sUM8gA"
                },
                {
                    "url": "self#jumbf=c2pa/urn:uuid:F9168C5E-CEB2-4faa-B6BF-329BF39FA1E4/c2pa.assertions/c2pa.thumbnail.claim.jpeg",
                    "hash": "DjZifCgG2iKxcYeChKTOcWlJ9I/UC9/c5XFiJREqJFpwA="
                },
                {
                    "url": "self#jumbf=c2pa/urn:uuid:F9168C5E-CEB2-4faa-B6BF-329BF39FA1E4/c2pa.assertions/c2pa.claim.ingredient",
                    "hash": "m7ZifCgG2iKxcYeChKTOcWlJ9I/UC9/c5XFiJREqJFpwA="
                }
            ],
            "redacted_assertions" : [
                "self#jumbf=c2pa/urn:uuid:5E7B01FC-4932-4BAB-AB32-D4F12A8AA322/c2pa.assertions/stds.exif"
            ]
        }
    ],
    "definitions": {
      "CGINFO": {
        "type": "object",
        "properties": {
          "name": {
            "type": "string",
            "description": "A human readable name for the claim_generator"
          },
          "version": {
            "type": "string",
            "description": "A Human readable string for the version of the claim_generator"
          },
          "icon": {
            "$ref": "http://ns.c2pa.org/hashed-uri/v1",
            "description": "hashed URI to the icon"
          }
        },
        "required": [
          "name"
        ],
        "additionalProperties": true
      }
    },
    "required": [
      "claim_generator",
      "claim_generator_info",
      "dc:format",
      "instanceID",
      "signature",
      "assertions"
    ],
    "properties": {
      "dc:title": {
        "type": "string",
        "minLength": 1,
        "description": "name of the ingredient"
      },
      "dc:format": {
        "type": "string",
        "minLength": 1,
        "description": "Media Type of the ingredient"
      },
      "instanceID": {
        "type": "string",
        "minLength": 1,
        "description": "uniquely identifies a specific version of an asset"
      },
      "claim_generator": {
        "type": "string",
        "minLength": 1,
        "description": "A User-Agent string formatted as per http://tools.ietf.org/html/rfc7231#section-5.5.3, for including the name and version of the claims generator that created the claim."
      },
      "claim_generator_info": {
        "type": "array",
        "description": "List of software applications involved in generating the claim",
        "minItems": 1,
        "items": {
          "$ref": "#/definitions/CGINFO"
        }
      },
      "signature": {
        "$ref": "http://ns.c2pa.org/hashed-uri/v1#/definitions/JUMBF_URI",
        "description": "JUMBF URI reference to the signature of this claim"
      },
      "assertions": {
        "type": "array",
        "description": "List of hashed URI references to the assertions of this claim",
        "minItems": 1,
        "items": {
          "$ref": "http://ns.c2pa.org/hashed-uri/v1"
        }
      },
      "redacted_assertions": {
        "type": "array",
        "description": "List of JUMBF URI references to assertions in ingredient manifests being redacted",
        "minItems": 1,
        "items": {
          "$ref": "http://ns.c2pa.org/hashed-uri/v1#/definitions/JUMBF_URI"
        }
      },
      "alg": {
        "type": "string",
        "minLength": 1,
        "description": "A string identifying the cryptographic hash algorithm used to compute all data hash assertions listed in this claim unless otherwise overridden, taken from the C2PA data hash algorithm identifier registry. This provides the value for the 'alg' field in data-hash and hashed-uri structures contained in this claim."
      },
      "alg_soft": {
        "type": "string",
        "minLength": 1,
        "description": "A string identifying the algorithm used to compute all soft binding assertions listed in this claim unless otherwise overridden, taken from the C2PA soft binding algorithm identifier registry."
      },
      "metadata": {
        "$ref": "http://ns.c2pa.org/assertion-metadata/v1",
        "description": "additional information about the assertion"
      }
    },
    "additionalProperties": false
}
