{
    "$schema": "http://json-schema.org/draft-07/schema",
    "$id": "http://ns.c2pa.org/cloud-data/v1",
    "type": "object",
    "description": "Assertion that references the actual assertion data stored outside the asset (eg. in the cloud)",
    "examples": [
        {
            "label": "c2pa.thumbnail.claim.jpg",
            "size": 98765,
            "location": {
                "url": "https://some.storage.us/foo",
                "hash": "DjZifCgG2iKxcYeChKTOcWlJ9I/UC9/c5XFiJREqJFpwA="
            },
            "content_type": "application/jpeg"
        }
    ],
    "required": [
        "label",
        "size",
        "location",
        "content_type"
    ],
    "properties": {
      "label": {
        "type": "string",
        "minLength": 1,
        "description": "label for the cloud-based assertion (eg.c2pa.actions)"
      },
      "size": {
        "type": "integer",
        "description": "Number of bytes of data",
        "minimum": 1,
        "multipleOf": 1.0
      },
      "location": {
        "$ref": "http://ns.c2pa.org/hashed-ext-uri/v1",
        "description": "an http(s) URL to where the bytes that are being hashed can be found along with a hash of the bytes stored at that URL"
      },
      "content_type": {
        "type": "string",
        "description": "media/MIME type for the data",
        "pattern": "^[-\\w.]+/[-+\\w.]+$"
      },
      "metadata": {
        "$ref": "http://ns.c2pa.org/assertion-metadata/v1",
        "description": "additional information about the assertion"
      }
    },
    "additionalProperties": false
}
