{
    "$schema": "http://json-schema.org/draft-07/schema",
    "$id": "http://ns.c2pa.org/data-hash/v1",
    "type": "object",
    "description": "The data structure used to store the cryptographic hash of some or all of the asset's data and additional information required to compute the hash.",
    "definitions": {
        "EXCLUSION_RANGE" : {
            "type": "object",
            "properties": {
                "start": {
                    "type": "integer",
                    "description": "Starting byte of the range"
                },
                "length": {
                    "type": "integer",
                    "description": "Number of bytes of data to exclude"
                }
            },
            "required": [
                "start",
                "length"
            ]
        }
    },
    "examples": [
        {
            "exclusions": [ 
                {
                    "start": 9960,
                    "length": 4213
                } 
            ],
            "name": "JUMBF manifest",
            "alg" : "sha256",
            "hash": "Auxjtmax46cC2N3Y9aFmBO9Jfay8LEwJWzBUtZ0sUM8gA=",
            "pad" : "       "
        }
    ],
    "required": [
        "hash",
        "pad"
    ],
    "properties": {
      "exclusions": {
        "type": "array",
        "minItems": 1,
        "items": {
          "$ref": "#/definitions/EXCLUSION_RANGE"
        }
      },
      "alg": {
        "type": "string",
        "minLength": 1,
        "description": "A string identifying the cryptographic hash algorithm used to compute the hash in this assertion, taken from the C2PA hash algorithm identifier list. If this field is absent, the hash algorithm is taken the `alg` value of the enclosing structure. If both are present, the field in this structure is used. If no value is present in any of these places, this structure is invalid; there is no default."
      },
      "hash": {
        "type": "string",
        "minLength": 1,
        "description": "CBOR byte string of the hash value"
      },
      "pad": {
        "type": "string",
        "minLength": 1,
        "description": "Zero-filled CBOR byte string used for filling up space"
      },
      "pad2": {
        "type": "string",
        "minLength": 0,
        "description": "Optional zero-filled CBOR byte string used for filling up space"
      },
      "name": {
        "type": "string",
        "minLength": 1,
        "description": "(optional) a human-readable description of what this hash covers"
      },
      "url": {
        "type": "string",
        "minLength": 1,
        "format": "uri",
        "description": "(optional) a file or http(s) URL to where the bytes that are being hashed can be found.  This is useful for cases where the data lives in a different file chunk or side-car than the claim."
      }
    },
    "additionalProperties": false
}
