{
  "$schema": "http://json-schema.org/draft-07/schema",
  "$id": "http://ns.c2pa.org/depthmap-GDepth/v1",
  "type": "object",
  "description": "Assertion that encodes a GDepth-formatted 3D depth map of the captured scene",
  "examples": [
    {
      "GDepth:Mime": "image/jpeg",
      "GDepth:Format": "RangeInverse",
      "GDepth:Near": 29.3,
      "GDepth:Far": 878.7,
      "GDepth:MeasureType": "OpticalAxis",
      "GDepth:ConfidenceMime": "image/png",
      "GDepth:Software": "Truepic Foresight Firmware for QC QRD8250 v0.01",
      "GDepth:Units": "mm",
      "GDepth:Data": "iVBORw0KGgoAAAANSUhEUgAAAtAAAAPACAYAAAA...",
      "GDepth:Confidence": "iVBORw0KGgoAAATNSUhEUgBAAtAAAACCA..."
    }
  ],
  "required": [
    "GDepth:Format",
    "GDepth:Near",
    "GDepth:Far",
    "GDepth:Mime",
    "GDepth:Data"
  ],
  "properties": {
    "GDepth:Format": {
      "type": "string",
      "minLength": 1,
      "description": "The format that describes how to convert the depthmap data into a valid float-point depthmap. Current valid values are 'RangeInverse' and 'RangeLinear'",
      "default": "RangeInverse"
    },
    "GDepth:Near": {
      "type": "number",
      "description": "The near value of the depthmap in depth units."
    },
    "GDepth:Far": {
      "type": "number",
      "description": "The far value of the depthmap in depth units."
    },
    "GDepth:Mime": {
      "type": "string",
      "minLength": 1,
      "description": "The mime type for the base64 string describing the depth image content, e.g. 'image/jpeg' or 'image/png'",
      "default": "image/jpeg"
    },
    "GDepth:Data": {
      "type": "string",
      "minLength": 1,
      "description": "The base64 encoded depth image. Please see GDepth encoding page at developers.google.com. The depthmap will be stretched-to-fit the corresponding color image."
    },
    "GDepth:Units": {
      "type": "string",
      "minLength": 1,
      "description": "The units of the depthmap, e.g. 'm' for meters or 'mm' for millimeters.",
      "default": "m"
    },
    "GDepth:MeasureType": {
      "type": "string",
      "minLength": 1,
      "description": "The type of depth measurement. Current valid values are 'OpticalAxis' and 'OpticRay'.",
      "default": "OpticalAxis"
    },
    "GDepth:ConfidenceMime": {
      "type": "string",
      "minLength": 1,
      "description": "The mime type for the base64 string describing the confidence image content, e.g. 'image/png'.",
      "default": "image/png"
    },
    "GDepth:Confidence": {
      "type": "string",
      "minLength": 1,
      "description": "The base64 encoded confidence image. Please see GDepth encoding page at developers.google.com. The confidence map should have the same size as the depthmap."
    },
    "GDepth:Manufacturer": {
      "type": "string",
      "minLength": 1,
      "description": "The manufacturer of the device that created this depthmap."
    },
    "GDepth:Model": {
      "type": "string",
      "minLength": 1,
      "description": "The model of the device that created this depthmap."
    },
    "GDepth:Software": {
      "type": "string",
      "minLength": 1,
      "description": "The software that created this depthmap."
    },
    "GDepth:ImageWidth": {
      "type": "number",
      "description": "The width in pixels of the original color image associated to this depthmap. This is NOT the depthmap width. If present, apps must update this property when scaling, cropping or rotating the color image. Clients use this property to verify the integrity of the depthmap w.r.t. the color image."
    },
    "GDepth:ImageHeight": {
      "type": "number",
      "description": "The height in pixels of the original color image associated to this depthmap. This is NOT the depthmap height. If present, apps must update this property when scaling, cropping or rotating the color image. Clients use this property to verify the integrity of the depthmap w.r.t. the color image."
    },
    "metadata": {
      "$ref": "http://ns.c2pa.org/assertion-metadata/v1",
      "description": "additional information about the assertion"
    }
  },
  "additionalProperties": false
}