{
    "$schema": "http://json-schema.org/draft-07/schema",
    "$id": "http://ns.c2pa.org/ingredients/v1",
    "type": "object",
    "description": "Assertion that describes an ingredient used in the asset",
    "examples": [
        {
            "dc:title": "image 1.jpg",
            "dc:format": "image/jpeg",
            "documentID" : "uuid:87d51599-286e-43b2-9478-88c79f49c347",
            "instanceID" : "uuid:7b57930e-2f23-47fc-affe-0400d70b738d",
            "c2pa_manifest" : {
                "url": "self#jumbf=c2pa/urn:uuid:5E7B01FC-4932-4BAB-AB32-D4F12A8AA322",
                "hash": "Arx031oA0N5KOEG6n9R/bJJFYJvmGlDoLtuwbRipLTKAA="
            },
            "thumbnail" : {
                "url": "self#jumbf=cp2a/urn:uuid:F9168C5E-CEB2-4faa-B6BF-329BF39FA1E4/c2pa.thumbnail.ingredient_1.jpg",
                "hash": "DjZifCgG2iKxcYeChKTOcWlJ9I/UC9/c5XFiJREqJFpwA="
            },
            "relationship": "parentOf",
            "metadata": {
              "reviewRatings": [
                {
                  "value": 5,
                  "explanation": "Content bindings validated"
                }
              ],
              "dateTime": "2021-06-28T16:49:32.874Z"
            }
        }
    ],
    "definitions" : {
      "JUMBF_URI": {
        "$id": "#JUMBF_URI",
        "description": "JUMBF URI reference",
        "type": "string",
        "anyOf": [
          {
            "pattern": "https:\/\/[-a-zA-Z0-9@:%._\\+~#=]{2,256}\\.[a-z]{2,6}\\b[-a-zA-Z0-9@:%_\\+.~#?&//=]*"
          },
          {
            "pattern": "^self#jumbf=[\\w\\d][\\w\\d\\./:-]+[\\w\\d]$"
          }
        ]
      },
      "STATUS": {
        "type": "object",
        "properties": {
          "code": {
            "enum": [
              "claimSignature.validated",
              "signingCredential.trusted",
              "timeStamp.trusted",
              "assertion.hashedURI.match",
              "assertion.dataHash.match",
              "assertion.bmffHash.match",
              "assertion.accessible",
              "claim.missing",
              "claim.multiple",
              "claim.hardBindings.missing",
              "claim.required.missing",
              "claim.cbor.invalid",
              "ingredient.hashedURI.mismatch",
              "claimSignature.missing",
              "claimSignature.mismatch",
              "signingCredential.invalid",
              "signingCredential.untrusted",
              "signingCredential.revoked",
              "signingCredential.expired",
              "timeStamp.mismatch",
              "timeStamp.untrusted",
              "timeStamp.outsideValidity",
              "assertion.hashedURI.mismatch",
              "assertion.missing",
              "assertion.multipleHardBindings",
              "assertion.undeclared",
              "assertion.inaccessible",
              "assertion.notRedacted",
              "assertion.selfRedacted",
              "assertion.required.missing",
              "assertion.json.invalid",
              "assertion.cbor.invalid",
              "assertion.action.ingredientMismatch",
              "assertion.action.redacted",
              "assertion.dataHash.mismatch",
              "assertion.bmffHash.mismatch",
              "assertion.cloud-data.hardBinding",
              "assertion.cloud-data.actions",
              "algorithm.unsupported",
              "general.error"
            ],
            "description": "A label-formatted string that describes the status"
          },
          "url": {
            "$ref": "#/definitions/JUMBF_URI",
            "description": "JUMBF URI reference"
          },
          "explanation": {
            "type": "string",
            "minLength": 1,
            "description": "A human readable string explaining why the status was given"
          },
          "success": {
            "type": "boolean",
            "description": "Does the code reflect success (true) or failure (false)"
          }
        },
        "required": ["code"]
      }
    },
    "required": [
        "dc:title",
        "dc:format",
        "instanceID",
        "relationship"
    ],
    "properties": {
      "dc:title": {
        "type": "string",
        "minLength": 1,
        "description": "name of the ingredient"
      },
      "dc:format": {
        "type": "string",
        "minLength": 1,
        "description": "media type of the ingredient"
      },
      "documentID": {
        "type": "string",
        "minLength": 1,
        "description": "value of the ingredient's `xmpMM:DocumentID`"
      },
      "instanceID": {
        "type": "string",
        "minLength": 1,
        "description": "unique identifier, such as the value of the ingredient's `xmpMM:InstanceID`"
      },
      "relationship": {
        "type": "string",
        "minLength": 1,
        "description": "The relationship of this ingredient to the asset it is an ingredient of. For example, if an ingredient with a 'parentOf' relationship is added to an asset, then the asserter is stating that the current asset is a derived asset of the ingredient.",
        "enum": ["parentOf", "componentOf"]
      },
      "c2pa_manifest": {
        "$ref": "http://ns.c2pa.org/hashed-uri/v1",
        "description": "hashed_uri reference to the C2PA Manifest of the ingredient"
      },
      "thumbnail": {
        "$ref": "http://ns.c2pa.org/hashed-uri/v1",
        "description": "hashed_uri reference to an ingredient thumbnail"
      },
      "validationStatus": {
        "type": "array",
        "description": "An array of validation status checks",
        "minItems": 1,
        "items": {
          "$ref": "#/definitions/STATUS",
          "description": "Any validations that took place"
        }
      },
        "metadata": {
        "$ref": "http://ns.c2pa.org/assertion-metadata/v1",
        "description": "additional information about the assertion"
      }
    },
    "additionalProperties": false
}
