{
  "$schema": "http://json-schema.org/draft-07/schema",
  "$id": "http://ns.c2pa.org/soft-binding/v1",
  "type": "object",
  "description": "The data structure used to store one or more soft bindings across some or all of the asset's content",
  "examples": [
    {
      "url": "http://example.c2pa.org/media.mp4",
      "alg": "phash",
      "blocks": [
        {
          "scope": {
            "extent": "c2NvcGUxCg==",
            "timespan": {
              "start": 0,
              "end": 133016
            }
          },
          "value": "dmFsdWUxCg=="
        },
        {
          "scope": {
            "extent": "c2NvcGUyCg==",
            "timespan": {
              "start": 133017,
              "end": 245009
            }
          },
          "value": "dmFsdWUyCg=="
        }
      ]
    }
  ],
  "definitions": {
    "SOFTBINDING_TIMESPAN": {
      "type": "object",
      "properties": {
        "start": {
          "type": "number",
          "description": "Start of the time range (as milliseconds from media start) over which the soft binding value has been computed."
        },
        "end": {
          "type": "number",
          "description": "End of the time range (as milliseconds from media start) over which the soft binding value has been computed."
        }
      },
      "required": ["start", "end"]
    },
    "SOFTBINDING_SCOPE": {
      "type": "object",
      "properties": {
        "extent": {
          "type": "string",
          "minLength": 1,
          "description": "(optional) CBOR byte string describing, in algorithm specific format, the part of the digital content over which the soft binding value has been computed"
        },
        "timespan": {
          "$ref": "#/definitions/SOFTBINDING_TIMESPAN"
        }
      },
      "required": []
    },
    "SOFTBINDING_BLOCK": {
      "type": "object",
      "properties": {
        "scope": {
          "$ref": "#/definitions/SOFTBINDING_SCOPE"
        },
        "value": {
          "type": "string",
          "minLength": 1,
          "description": "CBOR byte string describing, in algorithm specific format, the value of the soft binding computed over this block of digital content"
        }
      },
      "required": ["value", "scope"]
    }
  },
  "required": ["alg", "blocks"],
  "properties": {
    "alg": {
      "type": "string",
      "minLength": 1,
      "description": "A string identifying the soft binding algorithm and version of that algorithm used to compute the value, taken from the C2PA soft binding algorithm identifier list. If this field is absent, the algorithm is taken from the `softbinding-alg` value of the enclosing structure. If both are present, the field in this structure is used. If no value is present in any of these places, this structure is invalid; there is no default."
    },
    "alg-params": {
      "type": "string",
      "minLength": 1,
      "description": "(optional) CBOR byte string describing parameters of the soft binding algorithm. If this field is absent, the algorithm is taken from the `softbinding-alg-params` value of the enclosing structure, if present."
    },
    "name": {
      "type": "string",
      "minLength": 1,
      "description": "(optional) a human-readable description of what this hash covers"
    },
    "url": {
      "type": "string",
      "minLength": 1,
      "format": "uri",
      "description": "(optional) a file or http(s) URL to where the bytes that are being hashed lived.  This is useful for cases where the data lives in a different file chunk or side-car than the claim."
    },
    "blocks": {
      "type": "array",
      "minItems": 1,
      "items": {
        "anyOf": [
          {
            "$ref": "#/definitions/SOFTBINDING_BLOCK"
          }
        ]
      }
    },
     "pad": {
        "type": "string",
        "minLength": 1,
        "description": "Zero-filled CBOR byte string used for filling up space"
      },
      "pad2": {
        "type": "string",
        "minLength": 0,
        "description": "Optional zero-filled CBOR byte string used for filling up space"
      }
  },
  "additionalProperties": false
}
