[
  {
    "resolutionMethod": "smartContract",
    "querySmartContract": {
      "smartContractAddress": "0xABC123DEF4567890ABCDEF1234567890ABCDEF12",
      "byBindingFunctionName": "getManifestByBinding",
      "byBindingInputSchema": {
        "$schema": "https://json-schema.org/draft/2020-12/schema",
        "type": "object",
        "properties": {
          "softBindingValue": {
            "type": "string",
            "description": "A base64-encoded string describing, in algorithm specific format, the value of the soft binding to be used as the query."
          }
        },
        "required": ["softBindingValue"],
        "additionalProperties": false
      },
      "byBindingOutputSchema": {
        "$schema": "https://json-schema.org/draft/2020-12/schema",
        "type": "object",
        "properties": {
          "endpoints": {
            "type": "array",
            "items": {
              "type": "string",
              "format": "uri"
            },
            "description": "The URL(s) of the Softbinding Resolution API that may resolve this manifest ID."
          },
          "manifestId": {
            "type": "string",
            "description": "The optional unique identifier of the C2PA manifest, used to retrieve specific metadata. This may be absent if the manifest ID is not published within the K-V store."
          }
        },
        "required": ["endpoints"],
        "additionalProperties": false
      }
    }
  }
]
