{
  "$schema": "https://json-schema.org/draft/2020-12/schema",
  "type": "array",
  "minItems": 1,
  "items": {
    "type": "object",
    "properties": {
      "resolutionMethod": {
        "type": "string",
        "enum": [
          "smartContract",
          "eventLog"
        ],
        "description": "Category of DLT method for resolving soft bindings."
      },
      "querySmartContract": {
        "type": "object",
        "properties": {
          "smartContractAddress": {
            "type": "string",
            "description": "Address of the smart contract to call upon."
          },
          "byBindingFunctionName": {
            "type": "string",
            "description": "Name of the smart contract function providing lookup by binding, which accepts and returns a JSON string."
          },
          "byBindingInputSchema": {
            "type": "object",
            "description": "A JSON schema describing how to format the soft binding value input to the byBindingFunctionName input string parameter.",
            "properties": {
              "softBindingValue": {
                "type": "string",
                "description": "A base64-encoded string describing, in algorithm specific format, the value of the soft binding to be used as the query."
              }
            },
            "required": ["softBindingValue"],
            "additionalProperties": false
          },
          "byBindingOutputSchema": {
            "type": "object",
            "description": "A JSON schema describing how to parse the endpoint and manifest ID (optional) from byBindingFunctionName output string.",
            "properties": {
              "endpoints": {
                "type": "array",
                "items": {
                  "type": "string",
                  "format": "uri"
                },
                "description": "The URL(s) of the Softbinding Resolution API that may resolve this manifest ID."
              },
              "manifestId": {
                "type": "string",
                "description": "The optional unique identifier of the C2PA manifest, used to retrieve specific metadata. This may be absent if the manifest ID is not published within the K-V store."
              }
            },
            "required": ["endpoints"],
            "additionalProperties": false
          }
        },
        "required": [
          "smartContractAddress",
          "byBindingFunctionName",
          "byBindingInputSchema",
          "byBindingOutputSchema"
        ]
      },
      "queryEventLog": {
        "type": "object",
        "properties": {
          "smartContractAddress": {
            "type": "string",
            "description": "Address of the smart contract function to filter events by."
          },
          "keyTopic": {
            "type": "string",
            "description": "Topic used as key to lookup soft binding identifier."
          },
          "byBindingOutputSchema": {
            "type": "object",
            "description": "A JSON schema describing how to parse the endpoint and manifest ID (optional) from an event log message.",
            "properties": {
              "endpoints": {
                "type": "array",
                "items": {
                  "type": "string",
                  "format": "uri"
                },
                "description": "The URL(s) of the Softbinding Resolution API that may resolve this manifest ID."
              },
              "manifestId": {
                "type": "string",
                "description": "The optional unique identifier of the C2PA manifest, used to retrieve specific metadata. This may be absent if the manifest ID is not published within the K-V store."
              }
            },
            "required": ["endpoints"],
            "additionalProperties": false
          }
        },
        "required": [
          "smartContractAddress",
          "keyTopic",
          "byBindingOutputSchema"
        ]
      }
    },
    "oneOf": [
      {
        "required": [
          "querySmartContract"
        ]
      },
      {
        "required": [
          "queryEventLog"
        ]
      }
    ]
  }
}

