{
    "$schema": "http://json-schema.org/draft-07/schema",
    "$id": "http://ns.c2pa.org/bmff-merkle/v1",
    "type": "object",
    "description": "The data structure used to store sufficient information to validate a single 'mdat' box or a portion of an 'mdat' box when a Merkle tree is used",
    "examples": [
      {
        "uniqueId": 1339,
        "localId": 4402,
        "location": 2203,
        "hashes": [
          "TWVub3JhaA=="
        ]
      }
    ],
    "required": [
        "uniqueId",
        "localId",
        "location"
    ],
    "properties": {
        "uniqueId": {
            "type": "integer",
            "description":  "A unique integer used to differentiate local ids"
        },
        "localId": {
            "type": "integer",
            "description":  "A local id indicating which 'mdat' box this entry pertains to.  This may not be globally unique."
        },
        "location": {
            "type": "integer",
            "description":  "Zero-based index into the leaf-most Merkle tree row corresponding to this 'mdat' box or portion of this 'mdat' box"
        },
        "hashes": {
            "type": "array",
            "description": "An ordered array representing the set of additional hashes required to reach a hash in the Merkle tree specified in the manifest from leaf-most (peer of this node) to root-most (child of node in manifest).  Note that this array may not be present, e.g. if the manifest itself contains the leaf-most row of the Merkle tree.  Null hashes are not included in this array.  The algorithm used shall be determined using the `alg` field from the corresponding entry in the `merkle` field array in the BMFF hash structure.",
            "minItems": 1,
            "items": {
              "type": "string",
              "minLength": 1,
              "description": "CBOR byte array consisting of data that is base64 encoded.  A single hash from the Merkle tree."
            }
        }
    },
    "additionalProperties": false
}

