{
  "$schema": "http://json-schema.org/draft-07/schema",
  "$id": "http://ns.c2pa.org/bmff-hash/v1",
  "type": "object",
  "description": "The data structure used to store the cryptographic hash of a BMFF-format asset's data and additional information required to compute the hash",
  "examples": [
    {
      "exclusions": [
        {
          "xpath": "/moov[1]/pssh"
        },
        {
          "xpath": "/emsg",
          "data": [
            {
              "offset": 20,
              "value": "r3avWCpXHkmKHATFsV0Q5g"
            }
          ]
        }
      ],
      "name": "Example BMFF-hash object",
      "hash": "EiAuxjtmax46cC2N3Y9aFmBO9Jfay8LEwJWzBUtZ0sUM8gA"
    }
  ],
  "required": ["exclusions"],
  "properties": {
    "exclusions": {
      "type": "array",
      "minItems": 1,
      "items": {
        "type": "object",
        "properties": {
          "xpath": {
            "type": "string",
            "minLength": 5,
            "description": "Location of box(es) to exclude from the hash starting from the root node as an xpath formatted string of version https://www.w3.org/TR/xpath-10/ with highly constrained syntax",
            "examples": ["/moov[1]/pssh", "/emsg"]
          },
          "length": {
            "type": "integer",
            "description": "(optional) Length that a leafmost box must have to exclude from the hash"
          },
          "data": {
            "type": "array",
            "minItems": 1,
            "items": {
              "type": "object",
              "properties": {
                "offset": {
                  "type": "integer"
                },
                "value": {
                  "type": "string",
                  "minLength": 1,
                  "description": "CBOR byte array consisting of data that is base64 encoded."
                }
              },
              "required": ["offset", "value"],
              "examples": [{ "offset": 20, "value": "r3avWCpXHkmKHATFsV0Q5g" }],
              "description": "(optional) The data in the leafmost box at the specified offset must be identical to the specified data for the box to be excluded from the hash"
            }
          },
          "subset": {
            "type": "array",
            "minItems": 1,
            "items": {
              "type": "object",
              "properties": {
                "offset": {
                  "type": "integer"
                },
                "length": {
                  "type": "integer"
                }
              },
              "required": ["offset", "length"],
              "description": "(optional) Only this portion of the excluded box shall be excluded from the hash.  Each entry in the array must have a monotonically increasing offset.  No subset within the array may overlap.  The last entry may have a length of zero; this indicates that the remainder of the box from that offset onward is excluded."
            }
          },
          "version": {
            "type": "integer",
            "description": "(optional) Version that must be set in a leafmost box for the box to be excluded from the hash.  Shall only be specified for a box that inherits from FullBox."
          },
          "flags": {
            "type": "string",
            "description": "(optional) CBOR byte array of length 3, consisting of data that is base64 encoded.  The 24-bit flags that must be set in a leafmost box for the box to be excluded from the hash.  Shall only be specified for a box that inherits from FullBox.",
            "minLength": 3,
            "maxLength": 3
          },
          "exact": {
            "type": "boolean",
            "description": "(optional) Indicates that flags must be an exact match.  If not specified, defaults to true.  Shall only be specified for a box that inherits from FullBox and when flags is also specified."
          }
        },
        "required": ["xpath"],
        "description": "Any leafmost box(es) matching this exclusion will not be hashed except for any portion included in the subset array"
      }
    },
    "alg": {
      "type": "string",
      "minLength": 1,
      "description": "A string identifying the cryptographic hash algorithm used to compute this hash, taken from the C2PA hash algorithm identifier list. If this field is absent, the hash algorithm is taken from an enclosing structure as defined by that structure. If both are present, the field in this structure is used. If no value is present in any of these places, this structure is invalid; there is no default."
    },
    "hash": {
      "type": "string",
      "minLength": 1,
      "description": "CBOR byte array consisting of data that is base64 encoded.  For non-fragmented MP4, this shall be the hash of the entire BMFF file excluding boxes listed in the exclusions array; if the merkle field is present, this hash also excludes all 'mdat' boxes.  For fragmented MP4, this field is required to be absent.",
      "examples": ["EiAuxjtmax46cC2N3Y9aFmBO9Jfay8LEwJWzBUtZ0sUM8gA"]
    },
    "merkle": {
      "type": "array",
      "description": "A set of Merkle tree rows and the associated data required to enable verification of a single 'mdat' box, multiple 'mdat' boxes, and/or individual fragment files within the asset.",
      "minItems": 1,
      "items": {
        "type": "object",
        "properties": {
          "uniqueId": {
            "type": "integer",
            "description": "1-based unique id used to differentiate across files to determine which Merkle tree should be used to validate a given 'mdat' box."
          },
          "localId": {
            "type": "integer",
            "description": "Local id used to differentiate across multiple 'mdat' boxes within a single file to determine which Merkle tree should be used to validate that 'mdat' box."
          },
          "count": {
            "type": "integer",
            "description": "Number of leaf nodes in the Merkle tree.  Null nodes are not included in this count."
          },
          "alg": {
            "type": "string",
            "minLength": 1,
            "description": "(optional) A string identifying the cryptographic hash algorithm used to compute the hashes in this Merkle tree, taken from the C2PA hash algorithm identifier list. If this field is absent, the hash algorithm is taken the `alg` value of the enclosing structure as defined by that structure. If both are present, the field in this structure is used. If no value is present in any of these places, this structure is invalid; there is no default."
          },
          "initHash": {
            "type": "string",
            "minLength": 1,
            "description": "(optional) CBOR byte array consisting of data that is base64 encoded.  For fragmented MP4, this field is required to be present and shall be the hash of the initialization segment for chunks hashed by this Merkle tree.  For non-fragmented MP4, this field is required to be absent.",
            "examples": ["EiAuxjtmax46cC2N3Y9aFmBO9Jfay8LEwJWzBUtZ0sUM8gA"]
          },
          "hashes": {
            "type": "array",
            "description": "An ordered array representing a single row of the Merkle tree which may be the leaf-most row, root row, or any intermediate row.  The depth of the row is implied by (shall be computed from) the number of items in this array.",
            "minItems": 1,
            "items": {
              "type": "string",
              "minLength": 1,
              "description": "CBOR byte array consisting of data that is base64 encoded.  A single hash in a single row of the Merkle tree."
            }
          }
        },
        "required": ["uniqueId", "localId", "count", "hashes"]
      }
    },
    "name": {
      "type": "string",
      "minLength": 1,
      "description": "(optional) a human-readable description of what this hash covers"
    },
    "url": {
      "type": "string",
      "minLength": 1,
      "format": "uri",
      "description": "(optional) a file or http(s) URL to where the bytes that are being hashed lived.  This is useful for cases where the data lives in a different file chunk or side-car than the claim."
    }
  },
  "additionalProperties": false
}
