{
  "$schema": "http://json-schema.org/draft-07/schema",
  "$id": "http://ns.c2pa.org/camera_info/v1",
  "type": "object",
  "description": "Assertion that describes information from the capture device at the point of capture.",
  "examples": [
    {
      "crs:HasCrop": false,
      "crs:WhiteBalance": "As Shot",
      "crs:Saturation": 3,
      "crs:Sharpness": 0,
      "crs:LuminanceSmoothing": 0,
      "crs:ColorNoiseReduction": 0,
      "exif:ColorSpace": 1,
      "exif:DigitalZoomRatio": 2.0,
      "exif:LensMake": "Apple",
      "exif:LensModel": "iPhone 7 Plus back dual camera 3.99mm f/1.8",
      "exif:LensSpecification": "4183519/1048501 33/5 9/5 14/5"
    }
  ],
  "properties": {
    "crs:HasCrop": {
      "type": "boolean",
      "description": "When true, image has a cropping rectangle."
    },
    "crs:WhiteBalance": {
      "type": "string",
      "minLength": 1,
      "description": "White Balance setting.",
      "enum": [
        "As Shot",
        "Auto",
        "Daylight",
        "Cloudy",
        "Shade",
        "Tungsten",
        "Fluorescent",
        "Flash",
        "Custom"
      ]
    },
    "crs:Saturation": {
      "type": "integer",
      "description": "Saturation setting. Range -100 to 100.",
      "minimum": -100,
      "maximum": 100
    },
    "crs:Sharpness": {
      "type": "integer",
      "description": "Sharpness setting. Range 0 to 100.",
      "minimum": 0,
      "maximum": 100
    },
    "crs:LuminanceSmoothing": {
      "type": "integer",
      "description": "Luminance Smoothing setting. Range 0 to 100.",
      "minimum": 0,
      "maximum": 100
    },
    "crs:ColorNoiseReduction": {
      "type": "integer",
      "description": "Color Noise Reduction setting. Range 0 to 100.",
      "minimum": 0,
      "maximum": 100
    },
    "exif:ColorSpace": {
      "type": "integer",
      "description": "EXIF tag 40961, 0xA001. Color space information:1 = sRGB, 65535 = uncalibrated",
      "enum": [1, 65535]
    },
    "exif:DigitalZoomRatio": {
      "type": "number",
      "description": "EXIF tag 41988, 0xA404. Indicates the digital zoom ratio when the image was shot. 0 = digital zoom not used."
    },
    "exif:LensMake": {
      "type": "string",
      "minLength": 1,
      "description": "EXIF tag 42035, 0xA433. The lens manufacturer."
    },
    "exif:LensModel": {
      "type": "string",
      "minLength": 1,
      "description": "EXIF tag 42036, 0xA434. The lens's model name and model number as an ASCII string."
    },
    "exif:LensSpecification": {
      "type": "string",
      "minLength": 1,
      "description": "EXIF tag 42034, 0xA432. This tag notes minimum focal length, maximum focal length, minimum F number in the minimum focal length, and minimum F number in the maximum focal length, which are specification information for the lens that was used in photography. When the minimum F number is unknown, the notation is 0/0."
    },
    "metadata": {
      "$ref": "http://ns.c2pa.org/assertion-metadata/v1",
      "description": "additional information about the assertion"
    }
  },
  "patternProperties": {
    "^(crs|exif):\\w+$": {}
  },
  "additionalProperties": false
}
